"Id","CreatedDate","Name","ParentId"
"1","2023-11-30 07:24:47","Abhijeet","0"
"2","2023-11-30 07:24:47","Albrito","1"
"3","2023-11-30 07:26:34","Bala","2"
"4","2023-11-30 07:26:34","Sadashiv","2"
"5","2023-11-30 07:26:34","Sid","1"
"6","2023-11-30 07:26:34","Raghaven","5"
"7","2023-11-30 07:26:34","Arwind","6"
"8","2023-11-30 07:26:34","david","7"
"9","2023-11-30 07:26:34","sarvesh","8"
"10","2023-11-30 07:26:34","anup","7"
"11","2023-11-30 07:26:34","Manjiri","5"
"12","2023-11-30 07:26:34","Vasim Kudle","1"
"13","2023-11-30 07:26:34","Sanel","0"
"14","2023-11-30 07:26:34","Mohit","13"
"15","2023-11-30 07:26:34","Kapil","0"
"16","2023-11-30 07:26:34","Adam","0"
"17","2023-11-30 07:26:34","Test User 1","0"
"18","2023-11-30 07:26:34","Test User 2","17"
"19","2023-11-30 07:26:34","Test User 3","18"
